{"cameraMode":{"drawMode":0,"name":"Shaded","section":"Shading Mode"},"sceneLighting":true,"audioPlay":false,"sceneViewState":{"m_AlwaysRefresh":false,"showFog":true,"showSkybox":true,"showFlares":true,"showImageEffects":true,"showParticleSystems":true,"showVisualEffectGraphs":true,"m_FxEnabled":true},"in2DMode":false,"pivot":{"x":142.8081817626953,"y":79.67200469970703,"z":94.87062072753906},"rotation":{"x":-0.016345767304301263,"y":0.8710561990737915,"z":-0.028676752001047136,"w":-0.4903194010257721},"size":22.905977249145509,"orthographic":false}